USE hellmoney;
SELECT * FROM hellomoney.agent;
SELECT * FROM hellomoney.apt;
SELECT * FROM hellomoney.company;
SELECT * FROM hellomoney.customer;
SELECT * FROM hellomoney.estimate;
SELECT * FROM hellomoney.faq;
SELECT * FROM hellomoney.item;
SELECT * FROM hellomoney.like_request;
SELECT * FROM hellomoney.notice;
SELECT * FROM hellomoney.request;
SELECT * FROM hellomoney.review;

SET NAMES 'utf8';

/* 고객 더미 */
INSERT INTO `hellomoney`.`customer` (`customer_id`, `fcm_token`) VALUES ('00000000-3ee4-2457-ffff-ffffcb49f42d', 'dunF_Q0NW1o:APA91bGPU4FrqnJ8CJu6W3k4OgYrxW95kIiDdNv2sKY2d6Tnh6BW63Y9I29jNFrYFMb4jXkuT4FwETvyUAHFDrnl0q4MYxNU2AfWzCNhPAeh-ALnbMFDAZG03jbNlCJVhLbskylO3Ido');
INSERT INTO `hellomoney`.`customer` (`customer_id`, `fcm_token`) VALUES ('ffffffff-dc3e-aefc-ffff-ffffdbfc27f2', 'd0rHYR3bS8A:APA91bE55WXvfsWLuo_INVe9ETuWTHn2sUZ7X43FkGMRur51pwAzvTp3gXDhdOFDlLqlVmlB1r0VMDzXdSVqfs-m_9RLvoMtIpyDrtzfznppzmya_BS_7EIQmZ_QuCev7wWOIroJJ-XN');
INSERT INTO `hellomoney`.`customer` (`customer_id`, `fcm_token`) VALUES ('ffffffff-de91-95c2-ffff-ffffc841692c', 'cMqVsPvbk04:APA91bFTh-a5pY2o-jqV2-hCQ3mF0vAUqWaVWz9uF2WG23_t28akyP339QMQAyd0wo7FjULtU-xajm5ZWsxT1hcqXVNPAxW0hChrP-vB47FyVQe9nGimX2V0aS40B-_doZa76TfLeGtb');

/* 상담사 더미 (FCM TOKEN은 건준이형 것으로 되어 있음) */
INSERT INTO `hellomoney`.`agent` (`agent_id`, `password`, `name`, `photo`, `greeting`, `company_name`, `register_number`, `region_1`, `region_2`, `fcm_token`) VALUES ('agent1@naver.com', '1', '이기석', 'https://avatars2.githubusercontent.com/u/16359429', '정확하고 신속하게 대출상담에서 실행까지!! 친절은 기본입니다.', 'NH농협은행', '11-02-01745', '서울특별시', '강남구', 'cMqVsPvbk04:APA91bFTh-a5pY2o-jqV2-hCQ3mF0vAUqWaVWz9uF2WG23_t28akyP339QMQAyd0wo7FjULtU-xajm5ZWsxT1hcqXVNPAxW0hChrP-vB47FyVQe9nGimX2V0aS40B-_doZa76TfLeGtb');
INSERT INTO `hellomoney`.`agent` (`agent_id`, `password`, `name`, `photo`, `greeting`, `company_name`, `register_number`, `region_1`, `region_2`, `fcm_token`) VALUES ('agent2@naver.com', '1', '이지민', 'https://avatars2.githubusercontent.com/u/16359429', '믿을 수 있는 금융파트너, 국민은행 상담사 이지민입니다.', 'KB국민은행', '04-02-00997', '서울특별시', '강서구', 'cMqVsPvbk04:APA91bFTh-a5pY2o-jqV2-hCQ3mF0vAUqWaVWz9uF2WG23_t28akyP339QMQAyd0wo7FjULtU-xajm5ZWsxT1hcqXVNPAxW0hChrP-vB47FyVQe9nGimX2V0aS40B-_doZa76TfLeGtb');
INSERT INTO `hellomoney`.`agent` (`agent_id`, `password`, `name`, `photo`, `greeting`, `company_name`, `register_number`, `region_1`, `region_2`, `fcm_token`) VALUES ('agent3@naver.com', '1', '유정원', 'https://avatars2.githubusercontent.com/u/16359429', '여러분의 금융가이드가 되어드리겠습니다. 농협 상담사 유정원입니다.', 'NH농협은행', '11-02-01652', '서울특별시', '양천구', 'cMqVsPvbk04:APA91bFTh-a5pY2o-jqV2-hCQ3mF0vAUqWaVWz9uF2WG23_t28akyP339QMQAyd0wo7FjULtU-xajm5ZWsxT1hcqXVNPAxW0hChrP-vB47FyVQe9nGimX2V0aS40B-_doZa76TfLeGtb');
INSERT INTO `hellomoney`.`agent` (`agent_id`, `password`, `name`, `photo`, `greeting`, `company_name`, `register_number`, `region_1`, `region_2`, `fcm_token`) VALUES ('agent4@naver.com', '1', '강성원', 'https://avatars2.githubusercontent.com/u/16359429', '최고의 대출전문가에게 맡겨주십시오. 정확하고 확실한 상담!', '신한은행', '88-01-01395', '서울특별시', '마포구', 'cMqVsPvbk04:APA91bFTh-a5pY2o-jqV2-hCQ3mF0vAUqWaVWz9uF2WG23_t28akyP339QMQAyd0wo7FjULtU-xajm5ZWsxT1hcqXVNPAxW0hChrP-vB47FyVQe9nGimX2V0aS40B-_doZa76TfLeGtb');
INSERT INTO `hellomoney`.`agent` (`agent_id`, `password`, `name`, `photo`, `greeting`, `company_name`, `register_number`, `region_1`, `region_2`, `fcm_token`) VALUES ('agent5@naver.com', '1', '신덕철', 'https://avatars2.githubusercontent.com/u/16359429', '친절한 상담, 확실히 저렴한 금리!! 하나은행 상담사 박정석입니다.', '하나은행', '88-01-01489', '서울특별시', '노원구', 'cMqVsPvbk04:APA91bFTh-a5pY2o-jqV2-hCQ3mF0vAUqWaVWz9uF2WG23_t28akyP339QMQAyd0wo7FjULtU-xajm5ZWsxT1hcqXVNPAxW0hChrP-vB47FyVQe9nGimX2V0aS40B-_doZa76TfLeGtb');
INSERT INTO `hellomoney`.`agent` (`agent_id`, `password`, `name`, `photo`, `greeting`, `company_name`, `register_number`, `region_1`, `region_2`, `fcm_token`) VALUES ('agent6@naver.com', '1', '김진아', 'https://avatars2.githubusercontent.com/u/16359429', '최선을 다하겠습니다. 성실하고 믿음직한 상담사 최석민입니다.', 'KB국민은행', '04-04-00009', '서울특별시', '서초구', 'cMqVsPvbk04:APA91bFTh-a5pY2o-jqV2-hCQ3mF0vAUqWaVWz9uF2WG23_t28akyP339QMQAyd0wo7FjULtU-xajm5ZWsxT1hcqXVNPAxW0hChrP-vB47FyVQe9nGimX2V0aS40B-_doZa76TfLeGtb');
INSERT INTO `hellomoney`.`agent` (`agent_id`, `password`, `name`, `photo`, `greeting`, `company_name`, `register_number`, `region_1`, `region_2`, `fcm_token`) VALUES ('agent7@naver.com', '1', '김윤구', 'https://avatars2.githubusercontent.com/u/16359429', '한번 맺은 인연을 끝까지 이어갈 수 있는 상담사가 되도록 최선을 다하겠습니다.', '우리은행', '20-02-01062', '서울특별시', '종로구', 'cMqVsPvbk04:APA91bFTh-a5pY2o-jqV2-hCQ3mF0vAUqWaVWz9uF2WG23_t28akyP339QMQAyd0wo7FjULtU-xajm5ZWsxT1hcqXVNPAxW0hChrP-vB47FyVQe9nGimX2V0aS40B-_doZa76TfLeGtb');
INSERT INTO `hellomoney`.`agent` (`agent_id`, `password`, `name`, `photo`, `greeting`, `company_name`, `register_number`, `region_1`, `region_2`, `fcm_token`) VALUES ('agent8@naver.com', '1', '오경환', 'https://avatars2.githubusercontent.com/u/16359429', '고객의 입장에서 생각하는 대출도우미, 하나은행 신상호 상담사입니다.', '하나은행', '81-02-00249', '서울특별시', '서대문구', 'cMqVsPvbk04:APA91bFTh-a5pY2o-jqV2-hCQ3mF0vAUqWaVWz9uF2WG23_t28akyP339QMQAyd0wo7FjULtU-xajm5ZWsxT1hcqXVNPAxW0hChrP-vB47FyVQe9nGimX2V0aS40B-_doZa76TfLeGtb');
INSERT INTO `hellomoney`.`agent` (`agent_id`, `password`, `name`, `photo`, `greeting`, `company_name`, `register_number`, `region_1`, `region_2`, `fcm_token`) VALUES ('agent9@naver.com', '1', '최은', 'https://avatars2.githubusercontent.com/u/16359429', '고객님의 행복을 책임지는 금융가이드, 우리은행 최은 상담사입니다.', '우리은행', '20-30-00522', '서울특별시', '관악구', 'cMqVsPvbk04:APA91bFTh-a5pY2o-jqV2-hCQ3mF0vAUqWaVWz9uF2WG23_t28akyP339QMQAyd0wo7FjULtU-xajm5ZWsxT1hcqXVNPAxW0hChrP-vB47FyVQe9nGimX2V0aS40B-_doZa76TfLeGtb');
INSERT INTO `hellomoney`.`agent` (`agent_id`, `password`, `name`, `photo`, `greeting`, `company_name`, `register_number`, `region_1`, `region_2`, `fcm_token`) VALUES ('agent10@naver.com', '1', '손명숙', 'https://avatars2.githubusercontent.com/u/16359429', '어려운 대출, 알기 쉽게 도와드리겠습니다. 언제든 편하게 연락주세요. 24시간 상담가능합니다.', '신한은행', '88-01-01563', '서울특별시', '송파구', 'cMqVsPvbk04:APA91bFTh-a5pY2o-jqV2-hCQ3mF0vAUqWaVWz9uF2WG23_t28akyP339QMQAyd0wo7FjULtU-xajm5ZWsxT1hcqXVNPAxW0hChrP-vB47FyVQe9nGimX2V0aS40B-_doZa76TfLeGtb');

/* 요청서 더미 */
INSERT INTO `hellomoney`.`request` (`request_id`, `customer_id`, `loan_type`, `loan_amount`, `scheduled_time`, `interest_rate_type`, `job_type`, `status`, `region_1`, `region_2`, `region_3`, `apt_name`, `apt_kb_id`, `apt_price`, `apt_size_supply`, `apt_size_exclusive`) VALUES ('1', '00000000-3ee4-2457-ffff-ffffcb49f42d', '주택담보대출', '17000', '20170715', '고정', '직장근로자', '견적접수중', '서울시', '양천구', '신정동', '건영', 'A120', '30000', '112.54', '84.95');
INSERT INTO `hellomoney`.`request` (`request_id`, `customer_id`, `loan_type`, `loan_amount`, `scheduled_time`, `interest_rate_type`, `job_type`, `status`, `region_1`, `region_2`, `region_3`, `apt_name`, `apt_kb_id`, `apt_price`, `apt_size_supply`, `apt_size_exclusive`) VALUES ('2', '00000000-3ee4-2457-ffff-ffffcb49f42d', '전세자금대출', '13000', '20170718', '고정', '직장근로자', '견적접수중', '서울시', '서대문구', '홍제동', '무악청구1차', 'A121', '31000', '98.25', '74.69');
INSERT INTO `hellomoney`.`request` (`request_id`, `customer_id`, `loan_type`, `loan_amount`, `scheduled_time`, `interest_rate_type`, `job_type`, `status`, `region_1`, `region_2`, `region_3`, `apt_name`, `apt_kb_id`, `apt_price`, `apt_size_supply`, `apt_size_exclusive`) VALUES ('3', 'ffffffff-de91-95c2-ffff-ffffc841692c', '주택담보대출', '23000', '20170722', '변동', '기타', '견적접수중', '서울시', '관악구', '신림동', '금호타운1차', 'A122', '32000', '98.35', '74.94');
INSERT INTO `hellomoney`.`request` (`request_id`, `customer_id`, `loan_type`, `loan_amount`, `scheduled_time`, `interest_rate_type`, `job_type`, `status`, `region_1`, `region_2`, `region_3`, `apt_name`, `apt_kb_id`, `apt_price`, `apt_size_supply`, `apt_size_exclusive`) VALUES ('4', '00000000-3ee4-2457-ffff-ffffcb49f42d', '전세자금대출', '15000', '20170723', '고정', '직장근로자', '견적접수중', '서울시', '성북구', '종암동', '래미안라센트', 'A123', '33000', '106.83', '84.57');
INSERT INTO `hellomoney`.`request` (`request_id`, `customer_id`, `loan_type`, `loan_amount`, `scheduled_time`, `interest_rate_type`, `job_type`, `status`, `region_1`, `region_2`, `region_3`, `apt_name`, `apt_kb_id`, `apt_price`, `apt_size_supply`, `apt_size_exclusive`) VALUES ('5', 'ffffffff-dc3e-aefc-ffff-ffffdbfc27f2', '주택담보대출', '25000', '20170727', '변동', '개인사업자', '견적접수중', '서울시', '강남구', '논현동', '강남파라곤', 'A124', '34000', '109.75', '84.88');
INSERT INTO `hellomoney`.`request` (`request_id`, `customer_id`, `loan_type`, `loan_amount`, `scheduled_time`, `interest_rate_type`, `job_type`, `status`, `region_1`, `region_2`, `region_3`, `apt_name`, `apt_kb_id`, `apt_price`, `apt_size_supply`, `apt_size_exclusive`) VALUES ('6', 'ffffffff-dc3e-aefc-ffff-ffffdbfc27f2', '전세자금대출', '21000', '20170730', '변동', '개인사업자', '견적접수중', '서울시', '강북구', '미아동', '경남아너스빌', 'A125', '35000', '121.28', '99.46');
INSERT INTO `hellomoney`.`request` (`request_id`, `customer_id`, `loan_type`, `loan_amount`, `scheduled_time`, `interest_rate_type`, `job_type`, `status`, `region_1`, `region_2`, `region_3`, `apt_name`, `apt_kb_id`, `apt_price`, `apt_size_supply`, `apt_size_exclusive`) VALUES ('7', 'ffffffff-de91-95c2-ffff-ffffc841692c', '전세자금대출', '10000', '20170805', '변동', '기타', '견적접수중', '서울시', '강동구', '천호동', '강변그대가', 'A126', '36000', '95.23', '73.75');
INSERT INTO `hellomoney`.`request` (`request_id`, `customer_id`, `loan_type`, `loan_amount`, `scheduled_time`, `interest_rate_type`, `job_type`, `status`, `region_1`, `region_2`, `region_3`, `apt_name`, `apt_kb_id`, `apt_price`, `apt_size_supply`, `apt_size_exclusive`) VALUES ('8', '00000000-3ee4-2457-ffff-ffffcb49f42d', '주택담보대출', '21000', '20170808', '변동', '직장근로자', '견적접수중', '서울시', '노원구', '상계동', '노원우성', 'A127', '37000', '96.83', '75.46');
INSERT INTO `hellomoney`.`request` (`request_id`, `customer_id`, `loan_type`, `loan_amount`, `scheduled_time`, `interest_rate_type`, `job_type`, `status`, `region_1`, `region_2`, `region_3`, `apt_name`, `apt_kb_id`, `apt_price`, `apt_size_supply`, `apt_size_exclusive`) VALUES ('9', '00000000-3ee4-2457-ffff-ffffcb49f42d', '전세자금대출', '22000', '20170813', '고정', '직장근로자', '견적접수중', '서울시', '서초구', '방배동', '래미안방배에버뉴', 'A128', '38000', '113.73', '84.87');
INSERT INTO `hellomoney`.`request` (`request_id`, `customer_id`, `loan_type`, `loan_amount`, `scheduled_time`, `interest_rate_type`, `job_type`, `status`, `region_1`, `region_2`, `region_3`, `apt_name`, `apt_kb_id`, `apt_price`, `apt_size_supply`, `apt_size_exclusive`) VALUES ('10', 'ffffffff-dc3e-aefc-ffff-ffffdbfc27f2', '주택담보대출', '28000', '20170825', '고정', '개인사업자', '견적접수중', '서울시', '마포구', '합정동', '마포한강푸르지오', 'A129', '39000', '110.52', '84.93');

/* 견적서 더미 */
INSERT INTO `hellomoney`.`estimate` (`estimate_id`, `request_id`, `agent_id`, `register_time`, `item_bank`, `item_name`, `interest_rate`, `interest_rate_type`, `repayment_type`, `overdue_interest_rate_1`, `overdue_inertest_rate_2`, `overdue_inertest_rate_3`, `overdue_time_1`, `overdue_time_2`, `overdue_time_3`, `early_repayment_fee`) VALUES ('1', '1', 'agent1@naver.com', '', '하나은행', '하나으뜸모기지', '3.3 ', '고정', '원리금균등상환', '5%', '6%', '7%', '30일 미만', '90일 미만', '90일 이상', '1.5%');
INSERT INTO `hellomoney`.`estimate` (`estimate_id`, `request_id`, `agent_id`, `register_time`, `item_bank`, `item_name`, `interest_rate`, `interest_rate_type`, `repayment_type`, `overdue_interest_rate_1`, `overdue_inertest_rate_2`, `overdue_inertest_rate_3`, `overdue_time_1`, `overdue_time_2`, `overdue_time_3`, `early_repayment_fee`) VALUES ('2', '1', 'agent2@naver.com', '', '신한은행', '신한알뜰대출', '3.5 ', '고정', '원리금균등상환', '5%', '6%', '7%', '30일 미만', '90일 미만', '90일 이상', '1.5%');
INSERT INTO `hellomoney`.`estimate` (`estimate_id`, `request_id`, `agent_id`, `register_time`, `item_bank`, `item_name`, `interest_rate`, `interest_rate_type`, `repayment_type`, `overdue_interest_rate_1`, `overdue_inertest_rate_2`, `overdue_inertest_rate_3`, `overdue_time_1`, `overdue_time_2`, `overdue_time_3`, `early_repayment_fee`) VALUES ('3', '1', 'agent3@naver.com', '', '우리은행', '우리내집마련대출', '3.6 ', '고정', '원리금균등상환', '5%', '6%', '7%', '30일 미만', '90일 미만', '90일 이상', '1.5%');
INSERT INTO `hellomoney`.`estimate` (`estimate_id`, `request_id`, `agent_id`, `register_time`, `item_bank`, `item_name`, `interest_rate`, `interest_rate_type`, `repayment_type`, `overdue_interest_rate_1`, `overdue_inertest_rate_2`, `overdue_inertest_rate_3`, `overdue_time_1`, `overdue_time_2`, `overdue_time_3`, `early_repayment_fee`) VALUES ('4', '1', 'agent4@naver.com', '', '국민은행', 'KB온리원모기지', '3.4 ', '고정', '원리금균등상환', '5%', '6%', '7%', '30일 미만', '90일 미만', '90일 이상', '1.5%');
INSERT INTO `hellomoney`.`estimate` (`estimate_id`, `request_id`, `agent_id`, `register_time`, `item_bank`, `item_name`, `interest_rate`, `interest_rate_type`, `repayment_type`, `overdue_interest_rate_1`, `overdue_inertest_rate_2`, `overdue_inertest_rate_3`, `overdue_time_1`, `overdue_time_2`, `overdue_time_3`, `early_repayment_fee`) VALUES ('5', '1', 'agent5@naver.com', '', '농협', 'NH희망플러스대출', '3.6 ', '고정', '원리금균등상환', '5%', '6%', '7%', '30일 미만', '90일 미만', '90일 이상', '1.5%');
INSERT INTO `hellomoney`.`estimate` (`estimate_id`, `request_id`, `agent_id`, `register_time`, `item_bank`, `item_name`, `interest_rate`, `interest_rate_type`, `repayment_type`, `overdue_interest_rate_1`, `overdue_inertest_rate_2`, `overdue_inertest_rate_3`, `overdue_time_1`, `overdue_time_2`, `overdue_time_3`, `early_repayment_fee`) VALUES ('6', '1', 'agent6@naver.com', '', '하나은행', '하나으뜸모기지', '3.3 ', '고정', '원리금균등상환', '5%', '6%', '7%', '30일 미만', '90일 미만', '90일 이상', '1.5%');
INSERT INTO `hellomoney`.`estimate` (`estimate_id`, `request_id`, `agent_id`, `register_time`, `item_bank`, `item_name`, `interest_rate`, `interest_rate_type`, `repayment_type`, `overdue_interest_rate_1`, `overdue_inertest_rate_2`, `overdue_inertest_rate_3`, `overdue_time_1`, `overdue_time_2`, `overdue_time_3`, `early_repayment_fee`) VALUES ('7', '1', 'agent7@naver.com', '', '신한은행', '신한알뜰대출', '3.5 ', '고정', '원리금균등상환', '5%', '6%', '7%', '30일 미만', '90일 미만', '90일 이상', '1.5%');
INSERT INTO `hellomoney`.`estimate` (`estimate_id`, `request_id`, `agent_id`, `register_time`, `item_bank`, `item_name`, `interest_rate`, `interest_rate_type`, `repayment_type`, `overdue_interest_rate_1`, `overdue_inertest_rate_2`, `overdue_inertest_rate_3`, `overdue_time_1`, `overdue_time_2`, `overdue_time_3`, `early_repayment_fee`) VALUES ('8', '2', 'agent3@naver.com', '', '우리은행', '우리전세자금대출', '3.2 ', '고정', '만기일시상환', '5%', '6%', '7%', '30일 미만', '90일 미만', '90일 이상', '1.5%');
INSERT INTO `hellomoney`.`estimate` (`estimate_id`, `request_id`, `agent_id`, `register_time`, `item_bank`, `item_name`, `interest_rate`, `interest_rate_type`, `repayment_type`, `overdue_interest_rate_1`, `overdue_inertest_rate_2`, `overdue_inertest_rate_3`, `overdue_time_1`, `overdue_time_2`, `overdue_time_3`, `early_repayment_fee`) VALUES ('9', '2', 'agent4@naver.com', '', '국민은행', 'KB플러스전세대출', '3.1 ', '고정', '만기일시상환', '5%', '6%', '7%', '30일 미만', '90일 미만', '90일 이상', '1.5%');
INSERT INTO `hellomoney`.`estimate` (`estimate_id`, `request_id`, `agent_id`, `register_time`, `item_bank`, `item_name`, `interest_rate`, `interest_rate_type`, `repayment_type`, `overdue_interest_rate_1`, `overdue_inertest_rate_2`, `overdue_inertest_rate_3`, `overdue_time_1`, `overdue_time_2`, `overdue_time_3`, `early_repayment_fee`) VALUES ('10', '2', 'agent5@naver.com', '', '농협', 'NH전세우대론', '3.1 ', '고정', '만기일시상환', '5%', '6%', '7%', '30일 미만', '90일 미만', '90일 이상', '1.5%');
INSERT INTO `hellomoney`.`estimate` (`estimate_id`, `request_id`, `agent_id`, `register_time`, `item_bank`, `item_name`, `interest_rate`, `interest_rate_type`, `repayment_type`, `overdue_interest_rate_1`, `overdue_inertest_rate_2`, `overdue_inertest_rate_3`, `overdue_time_1`, `overdue_time_2`, `overdue_time_3`, `early_repayment_fee`) VALUES ('11', '2', 'agent6@naver.com', '', '하나은행', '하나전세안심대출', '3.0 ', '고정', '만기일시상환', '5%', '6%', '7%', '30일 미만', '90일 미만', '90일 이상', '1.5%');
INSERT INTO `hellomoney`.`estimate` (`estimate_id`, `request_id`, `agent_id`, `register_time`, `item_bank`, `item_name`, `interest_rate`, `interest_rate_type`, `repayment_type`, `overdue_interest_rate_1`, `overdue_inertest_rate_2`, `overdue_inertest_rate_3`, `overdue_time_1`, `overdue_time_2`, `overdue_time_3`, `early_repayment_fee`) VALUES ('12', '2', 'agent7@naver.com', '', '신한은행', '신한행복전세대출', '3.2 ', '고정', '만기일시상환', '5%', '6%', '7%', '30일 미만', '90일 미만', '90일 이상', '1.5%');
INSERT INTO `hellomoney`.`estimate` (`estimate_id`, `request_id`, `agent_id`, `register_time`, `item_bank`, `item_name`, `interest_rate`, `interest_rate_type`, `repayment_type`, `overdue_interest_rate_1`, `overdue_inertest_rate_2`, `overdue_inertest_rate_3`, `overdue_time_1`, `overdue_time_2`, `overdue_time_3`, `early_repayment_fee`) VALUES ('13', '2', 'agent8@naver.com', '', '우리은행', '우리전세자금대출', '3.2 ', '고정', '만기일시상환', '5%', '6%', '7%', '30일 미만', '90일 미만', '90일 이상', '1.5%');
INSERT INTO `hellomoney`.`estimate` (`estimate_id`, `request_id`, `agent_id`, `register_time`, `item_bank`, `item_name`, `interest_rate`, `interest_rate_type`, `repayment_type`, `overdue_interest_rate_1`, `overdue_inertest_rate_2`, `overdue_inertest_rate_3`, `overdue_time_1`, `overdue_time_2`, `overdue_time_3`, `early_repayment_fee`) VALUES ('14', '2', 'agent9@naver.com', '', '국민은행', 'KB플러스전세대출', '3.1 ', '고정', '만기일시상환', '5%', '6%', '7%', '30일 미만', '90일 미만', '90일 이상', '1.5%');
INSERT INTO `hellomoney`.`estimate` (`estimate_id`, `request_id`, `agent_id`, `register_time`, `item_bank`, `item_name`, `interest_rate`, `interest_rate_type`, `repayment_type`, `overdue_interest_rate_1`, `overdue_inertest_rate_2`, `overdue_inertest_rate_3`, `overdue_time_1`, `overdue_time_2`, `overdue_time_3`, `early_repayment_fee`) VALUES ('15', '2', 'agent10@naver.com', '', '농협', 'NH전세우대론', '3.1 ', '고정', '만기일시상환', '5%', '6%', '7%', '30일 미만', '90일 미만', '90일 이상', '1.5%');
INSERT INTO `hellomoney`.`estimate` (`estimate_id`, `request_id`, `agent_id`, `register_time`, `item_bank`, `item_name`, `interest_rate`, `interest_rate_type`, `repayment_type`, `overdue_interest_rate_1`, `overdue_inertest_rate_2`, `overdue_inertest_rate_3`, `overdue_time_1`, `overdue_time_2`, `overdue_time_3`, `early_repayment_fee`) VALUES ('16', '3', 'agent5@naver.com', '', '농협', 'NH희망플러스대출', '3.5 ', '변동', '원리금균등상환', '5%', '6%', '7%', '30일 미만', '90일 미만', '90일 이상', '1.5%');
INSERT INTO `hellomoney`.`estimate` (`estimate_id`, `request_id`, `agent_id`, `register_time`, `item_bank`, `item_name`, `interest_rate`, `interest_rate_type`, `repayment_type`, `overdue_interest_rate_1`, `overdue_inertest_rate_2`, `overdue_inertest_rate_3`, `overdue_time_1`, `overdue_time_2`, `overdue_time_3`, `early_repayment_fee`) VALUES ('17', '3', 'agent6@naver.com', '', '하나은행', '하나으뜸모기지', '3.2 ', '변동', '원리금균등상환', '5%', '6%', '7%', '30일 미만', '90일 미만', '90일 이상', '1.5%');
INSERT INTO `hellomoney`.`estimate` (`estimate_id`, `request_id`, `agent_id`, `register_time`, `item_bank`, `item_name`, `interest_rate`, `interest_rate_type`, `repayment_type`, `overdue_interest_rate_1`, `overdue_inertest_rate_2`, `overdue_inertest_rate_3`, `overdue_time_1`, `overdue_time_2`, `overdue_time_3`, `early_repayment_fee`) VALUES ('18', '3', 'agent7@naver.com', '', '신한은행', '신한알뜰대출', '3.4 ', '변동', '원리금균등상환', '5%', '6%', '7%', '30일 미만', '90일 미만', '90일 이상', '1.5%');
INSERT INTO `hellomoney`.`estimate` (`estimate_id`, `request_id`, `agent_id`, `register_time`, `item_bank`, `item_name`, `interest_rate`, `interest_rate_type`, `repayment_type`, `overdue_interest_rate_1`, `overdue_inertest_rate_2`, `overdue_inertest_rate_3`, `overdue_time_1`, `overdue_time_2`, `overdue_time_3`, `early_repayment_fee`) VALUES ('19', '3', 'agent8@naver.com', '', '우리은행', '우리내집마련대출', '3.5 ', '변동', '원리금균등상환', '5%', '6%', '7%', '30일 미만', '90일 미만', '90일 이상', '1.5%');
INSERT INTO `hellomoney`.`estimate` (`estimate_id`, `request_id`, `agent_id`, `register_time`, `item_bank`, `item_name`, `interest_rate`, `interest_rate_type`, `repayment_type`, `overdue_interest_rate_1`, `overdue_inertest_rate_2`, `overdue_inertest_rate_3`, `overdue_time_1`, `overdue_time_2`, `overdue_time_3`, `early_repayment_fee`) VALUES ('20', '3', 'agent9@naver.com', '', '국민은행', 'KB온리원모기지', '3.3 ', '변동', '원리금균등상환', '5%', '6%', '7%', '30일 미만', '90일 미만', '90일 이상', '1.5%');
INSERT INTO `hellomoney`.`estimate` (`estimate_id`, `request_id`, `agent_id`, `register_time`, `item_bank`, `item_name`, `interest_rate`, `interest_rate_type`, `repayment_type`, `overdue_interest_rate_1`, `overdue_inertest_rate_2`, `overdue_inertest_rate_3`, `overdue_time_1`, `overdue_time_2`, `overdue_time_3`, `early_repayment_fee`) VALUES ('21', '3', 'agent10@naver.com', '', '농협', 'NH희망플러스대출', '3.5 ', '변동', '원리금균등상환', '5%', '6%', '7%', '30일 미만', '90일 미만', '90일 이상', '1.5%');
INSERT INTO `hellomoney`.`estimate` (`estimate_id`, `request_id`, `agent_id`, `register_time`, `item_bank`, `item_name`, `interest_rate`, `interest_rate_type`, `repayment_type`, `overdue_interest_rate_1`, `overdue_inertest_rate_2`, `overdue_inertest_rate_3`, `overdue_time_1`, `overdue_time_2`, `overdue_time_3`, `early_repayment_fee`) VALUES ('22', '3', 'agent1@naver.com', '', '하나은행', '하나으뜸모기지', '3.2 ', '변동', '원리금균등상환', '5%', '6%', '7%', '30일 미만', '90일 미만', '90일 이상', '1.5%');
INSERT INTO `hellomoney`.`estimate` (`estimate_id`, `request_id`, `agent_id`, `register_time`, `item_bank`, `item_name`, `interest_rate`, `interest_rate_type`, `repayment_type`, `overdue_interest_rate_1`, `overdue_inertest_rate_2`, `overdue_inertest_rate_3`, `overdue_time_1`, `overdue_time_2`, `overdue_time_3`, `early_repayment_fee`) VALUES ('23', '3', 'agent2@naver.com', '', '신한은행', '신한알뜰대출', '3.4 ', '변동', '원리금균등상환', '5%', '6%', '7%', '30일 미만', '90일 미만', '90일 이상', '1.5%');
INSERT INTO `hellomoney`.`estimate` (`estimate_id`, `request_id`, `agent_id`, `register_time`, `item_bank`, `item_name`, `interest_rate`, `interest_rate_type`, `repayment_type`, `overdue_interest_rate_1`, `overdue_inertest_rate_2`, `overdue_inertest_rate_3`, `overdue_time_1`, `overdue_time_2`, `overdue_time_3`, `early_repayment_fee`) VALUES ('24', '4', 'agent7@naver.com', '', '신한은행', '신한행복전세대출', '3.2 ', '고정', '만기일시상환', '5%', '6%', '7%', '30일 미만', '90일 미만', '90일 이상', '1.5%');
INSERT INTO `hellomoney`.`estimate` (`estimate_id`, `request_id`, `agent_id`, `register_time`, `item_bank`, `item_name`, `interest_rate`, `interest_rate_type`, `repayment_type`, `overdue_interest_rate_1`, `overdue_inertest_rate_2`, `overdue_inertest_rate_3`, `overdue_time_1`, `overdue_time_2`, `overdue_time_3`, `early_repayment_fee`) VALUES ('25', '4', 'agent8@naver.com', '', '우리은행', '우리전세자금대출', '3.2 ', '고정', '만기일시상환', '5%', '6%', '7%', '30일 미만', '90일 미만', '90일 이상', '1.5%');
INSERT INTO `hellomoney`.`estimate` (`estimate_id`, `request_id`, `agent_id`, `register_time`, `item_bank`, `item_name`, `interest_rate`, `interest_rate_type`, `repayment_type`, `overdue_interest_rate_1`, `overdue_inertest_rate_2`, `overdue_inertest_rate_3`, `overdue_time_1`, `overdue_time_2`, `overdue_time_3`, `early_repayment_fee`) VALUES ('26', '4', 'agent9@naver.com', '', '국민은행', 'KB플러스전세대출', '3.1 ', '고정', '만기일시상환', '5%', '6%', '7%', '30일 미만', '90일 미만', '90일 이상', '1.5%');
INSERT INTO `hellomoney`.`estimate` (`estimate_id`, `request_id`, `agent_id`, `register_time`, `item_bank`, `item_name`, `interest_rate`, `interest_rate_type`, `repayment_type`, `overdue_interest_rate_1`, `overdue_inertest_rate_2`, `overdue_inertest_rate_3`, `overdue_time_1`, `overdue_time_2`, `overdue_time_3`, `early_repayment_fee`) VALUES ('27', '4', 'agent10@naver.com', '', '농협', 'NH전세우대론', '3.1 ', '고정', '만기일시상환', '5%', '6%', '7%', '30일 미만', '90일 미만', '90일 이상', '1.5%');
INSERT INTO `hellomoney`.`estimate` (`estimate_id`, `request_id`, `agent_id`, `register_time`, `item_bank`, `item_name`, `interest_rate`, `interest_rate_type`, `repayment_type`, `overdue_interest_rate_1`, `overdue_inertest_rate_2`, `overdue_inertest_rate_3`, `overdue_time_1`, `overdue_time_2`, `overdue_time_3`, `early_repayment_fee`) VALUES ('28', '4', 'agent1@naver.com', '', '하나은행', '하나전세안심대출', '3.0 ', '고정', '만기일시상환', '5%', '6%', '7%', '30일 미만', '90일 미만', '90일 이상', '1.5%');
INSERT INTO `hellomoney`.`estimate` (`estimate_id`, `request_id`, `agent_id`, `register_time`, `item_bank`, `item_name`, `interest_rate`, `interest_rate_type`, `repayment_type`, `overdue_interest_rate_1`, `overdue_inertest_rate_2`, `overdue_inertest_rate_3`, `overdue_time_1`, `overdue_time_2`, `overdue_time_3`, `early_repayment_fee`) VALUES ('29', '4', 'agent2@naver.com', '', '신한은행', '신한행복전세대출', '3.2 ', '고정', '만기일시상환', '5%', '6%', '7%', '30일 미만', '90일 미만', '90일 이상', '1.5%');
INSERT INTO `hellomoney`.`estimate` (`estimate_id`, `request_id`, `agent_id`, `register_time`, `item_bank`, `item_name`, `interest_rate`, `interest_rate_type`, `repayment_type`, `overdue_interest_rate_1`, `overdue_inertest_rate_2`, `overdue_inertest_rate_3`, `overdue_time_1`, `overdue_time_2`, `overdue_time_3`, `early_repayment_fee`) VALUES ('30', '5', 'agent9@naver.com', '', '국민은행', 'KB온리원모기지', '3.3 ', '변동', '원리금균등상환', '5%', '6%', '7%', '30일 미만', '90일 미만', '90일 이상', '1.5%');
INSERT INTO `hellomoney`.`estimate` (`estimate_id`, `request_id`, `agent_id`, `register_time`, `item_bank`, `item_name`, `interest_rate`, `interest_rate_type`, `repayment_type`, `overdue_interest_rate_1`, `overdue_inertest_rate_2`, `overdue_inertest_rate_3`, `overdue_time_1`, `overdue_time_2`, `overdue_time_3`, `early_repayment_fee`) VALUES ('31', '5', 'agent10@naver.com', '', '농협', 'NH희망플러스대출', '3.5 ', '변동', '원리금균등상환', '5%', '6%', '7%', '30일 미만', '90일 미만', '90일 이상', '1.5%');
INSERT INTO `hellomoney`.`estimate` (`estimate_id`, `request_id`, `agent_id`, `register_time`, `item_bank`, `item_name`, `interest_rate`, `interest_rate_type`, `repayment_type`, `overdue_interest_rate_1`, `overdue_inertest_rate_2`, `overdue_inertest_rate_3`, `overdue_time_1`, `overdue_time_2`, `overdue_time_3`, `early_repayment_fee`) VALUES ('32', '5', 'agent1@naver.com', '', '하나은행', '하나으뜸모기지', '3.2 ', '변동', '원리금균등상환', '5%', '6%', '7%', '30일 미만', '90일 미만', '90일 이상', '1.5%');
INSERT INTO `hellomoney`.`estimate` (`estimate_id`, `request_id`, `agent_id`, `register_time`, `item_bank`, `item_name`, `interest_rate`, `interest_rate_type`, `repayment_type`, `overdue_interest_rate_1`, `overdue_inertest_rate_2`, `overdue_inertest_rate_3`, `overdue_time_1`, `overdue_time_2`, `overdue_time_3`, `early_repayment_fee`) VALUES ('33', '5', 'agent2@naver.com', '', '신한은행', '신한알뜰대출', '3.4 ', '변동', '원리금균등상환', '5%', '6%', '7%', '30일 미만', '90일 미만', '90일 이상', '1.5%');
INSERT INTO `hellomoney`.`estimate` (`estimate_id`, `request_id`, `agent_id`, `register_time`, `item_bank`, `item_name`, `interest_rate`, `interest_rate_type`, `repayment_type`, `overdue_interest_rate_1`, `overdue_inertest_rate_2`, `overdue_inertest_rate_3`, `overdue_time_1`, `overdue_time_2`, `overdue_time_3`, `early_repayment_fee`) VALUES ('34', '5', 'agent3@naver.com', '', '우리은행', '우리내집마련대출', '3.5 ', '변동', '원리금균등상환', '5%', '6%', '7%', '30일 미만', '90일 미만', '90일 이상', '1.5%');
INSERT INTO `hellomoney`.`estimate` (`estimate_id`, `request_id`, `agent_id`, `register_time`, `item_bank`, `item_name`, `interest_rate`, `interest_rate_type`, `repayment_type`, `overdue_interest_rate_1`, `overdue_inertest_rate_2`, `overdue_inertest_rate_3`, `overdue_time_1`, `overdue_time_2`, `overdue_time_3`, `early_repayment_fee`) VALUES ('35', '5', 'agent4@naver.com', '', '국민은행', 'KB온리원모기지', '3.3 ', '변동', '원리금균등상환', '5%', '6%', '7%', '30일 미만', '90일 미만', '90일 이상', '1.5%');
INSERT INTO `hellomoney`.`estimate` (`estimate_id`, `request_id`, `agent_id`, `register_time`, `item_bank`, `item_name`, `interest_rate`, `interest_rate_type`, `repayment_type`, `overdue_interest_rate_1`, `overdue_inertest_rate_2`, `overdue_inertest_rate_3`, `overdue_time_1`, `overdue_time_2`, `overdue_time_3`, `early_repayment_fee`) VALUES ('36', '5', 'agent5@naver.com', '', '농협', 'NH희망플러스대출', '3.5 ', '변동', '원리금균등상환', '5%', '6%', '7%', '30일 미만', '90일 미만', '90일 이상', '1.5%');
INSERT INTO `hellomoney`.`estimate` (`estimate_id`, `request_id`, `agent_id`, `register_time`, `item_bank`, `item_name`, `interest_rate`, `interest_rate_type`, `repayment_type`, `overdue_interest_rate_1`, `overdue_inertest_rate_2`, `overdue_inertest_rate_3`, `overdue_time_1`, `overdue_time_2`, `overdue_time_3`, `early_repayment_fee`) VALUES ('37', '6', 'agent1@naver.com', '', '하나은행', '하나전세안심대출', '2.9 ', '변동', '만기일시상환', '5%', '6%', '7%', '30일 미만', '90일 미만', '90일 이상', '1.5%');
INSERT INTO `hellomoney`.`estimate` (`estimate_id`, `request_id`, `agent_id`, `register_time`, `item_bank`, `item_name`, `interest_rate`, `interest_rate_type`, `repayment_type`, `overdue_interest_rate_1`, `overdue_inertest_rate_2`, `overdue_inertest_rate_3`, `overdue_time_1`, `overdue_time_2`, `overdue_time_3`, `early_repayment_fee`) VALUES ('38', '6', 'agent2@naver.com', '', '신한은행', '신한행복전세대출', '3.1 ', '변동', '만기일시상환', '5%', '6%', '7%', '30일 미만', '90일 미만', '90일 이상', '1.5%');
INSERT INTO `hellomoney`.`estimate` (`estimate_id`, `request_id`, `agent_id`, `register_time`, `item_bank`, `item_name`, `interest_rate`, `interest_rate_type`, `repayment_type`, `overdue_interest_rate_1`, `overdue_inertest_rate_2`, `overdue_inertest_rate_3`, `overdue_time_1`, `overdue_time_2`, `overdue_time_3`, `early_repayment_fee`) VALUES ('39', '6', 'agent3@naver.com', '', '우리은행', '우리전세자금대출', '3.1 ', '변동', '만기일시상환', '5%', '6%', '7%', '30일 미만', '90일 미만', '90일 이상', '1.5%');
INSERT INTO `hellomoney`.`estimate` (`estimate_id`, `request_id`, `agent_id`, `register_time`, `item_bank`, `item_name`, `interest_rate`, `interest_rate_type`, `repayment_type`, `overdue_interest_rate_1`, `overdue_inertest_rate_2`, `overdue_inertest_rate_3`, `overdue_time_1`, `overdue_time_2`, `overdue_time_3`, `early_repayment_fee`) VALUES ('40', '6', 'agent4@naver.com', '', '국민은행', 'KB플러스전세대출', '3.0 ', '변동', '만기일시상환', '5%', '6%', '7%', '30일 미만', '90일 미만', '90일 이상', '1.5%');
INSERT INTO `hellomoney`.`estimate` (`estimate_id`, `request_id`, `agent_id`, `register_time`, `item_bank`, `item_name`, `interest_rate`, `interest_rate_type`, `repayment_type`, `overdue_interest_rate_1`, `overdue_inertest_rate_2`, `overdue_inertest_rate_3`, `overdue_time_1`, `overdue_time_2`, `overdue_time_3`, `early_repayment_fee`) VALUES ('41', '6', 'agent5@naver.com', '', '농협', 'NH전세우대론', '3.0 ', '변동', '만기일시상환', '5%', '6%', '7%', '30일 미만', '90일 미만', '90일 이상', '1.5%');
INSERT INTO `hellomoney`.`estimate` (`estimate_id`, `request_id`, `agent_id`, `register_time`, `item_bank`, `item_name`, `interest_rate`, `interest_rate_type`, `repayment_type`, `overdue_interest_rate_1`, `overdue_inertest_rate_2`, `overdue_inertest_rate_3`, `overdue_time_1`, `overdue_time_2`, `overdue_time_3`, `early_repayment_fee`) VALUES ('42', '6', 'agent6@naver.com', '', '하나은행', '하나전세안심대출', '2.9 ', '변동', '만기일시상환', '5%', '6%', '7%', '30일 미만', '90일 미만', '90일 이상', '1.5%');
INSERT INTO `hellomoney`.`estimate` (`estimate_id`, `request_id`, `agent_id`, `register_time`, `item_bank`, `item_name`, `interest_rate`, `interest_rate_type`, `repayment_type`, `overdue_interest_rate_1`, `overdue_inertest_rate_2`, `overdue_inertest_rate_3`, `overdue_time_1`, `overdue_time_2`, `overdue_time_3`, `early_repayment_fee`) VALUES ('43', '6', 'agent7@naver.com', '', '신한은행', '신한행복전세대출', '3.1 ', '변동', '만기일시상환', '5%', '6%', '7%', '30일 미만', '90일 미만', '90일 이상', '1.5%');
INSERT INTO `hellomoney`.`estimate` (`estimate_id`, `request_id`, `agent_id`, `register_time`, `item_bank`, `item_name`, `interest_rate`, `interest_rate_type`, `repayment_type`, `overdue_interest_rate_1`, `overdue_inertest_rate_2`, `overdue_inertest_rate_3`, `overdue_time_1`, `overdue_time_2`, `overdue_time_3`, `early_repayment_fee`) VALUES ('44', '7', 'agent3@naver.com', '', '우리은행', '우리전세자금대출', '3.1 ', '변동', '만기일시상환', '5%', '6%', '7%', '30일 미만', '90일 미만', '90일 이상', '1.5%');
INSERT INTO `hellomoney`.`estimate` (`estimate_id`, `request_id`, `agent_id`, `register_time`, `item_bank`, `item_name`, `interest_rate`, `interest_rate_type`, `repayment_type`, `overdue_interest_rate_1`, `overdue_inertest_rate_2`, `overdue_inertest_rate_3`, `overdue_time_1`, `overdue_time_2`, `overdue_time_3`, `early_repayment_fee`) VALUES ('45', '7', 'agent4@naver.com', '', '국민은행', 'KB플러스전세대출', '3.0 ', '변동', '만기일시상환', '5%', '6%', '7%', '30일 미만', '90일 미만', '90일 이상', '1.5%');
INSERT INTO `hellomoney`.`estimate` (`estimate_id`, `request_id`, `agent_id`, `register_time`, `item_bank`, `item_name`, `interest_rate`, `interest_rate_type`, `repayment_type`, `overdue_interest_rate_1`, `overdue_inertest_rate_2`, `overdue_inertest_rate_3`, `overdue_time_1`, `overdue_time_2`, `overdue_time_3`, `early_repayment_fee`) VALUES ('46', '7', 'agent5@naver.com', '', '농협', 'NH전세우대론', '3.0 ', '변동', '만기일시상환', '5%', '6%', '7%', '30일 미만', '90일 미만', '90일 이상', '1.5%');
INSERT INTO `hellomoney`.`estimate` (`estimate_id`, `request_id`, `agent_id`, `register_time`, `item_bank`, `item_name`, `interest_rate`, `interest_rate_type`, `repayment_type`, `overdue_interest_rate_1`, `overdue_inertest_rate_2`, `overdue_inertest_rate_3`, `overdue_time_1`, `overdue_time_2`, `overdue_time_3`, `early_repayment_fee`) VALUES ('47', '7', 'agent6@naver.com', '', '하나은행', '하나전세안심대출', '2.9 ', '변동', '만기일시상환', '5%', '6%', '7%', '30일 미만', '90일 미만', '90일 이상', '1.5%');
INSERT INTO `hellomoney`.`estimate` (`estimate_id`, `request_id`, `agent_id`, `register_time`, `item_bank`, `item_name`, `interest_rate`, `interest_rate_type`, `repayment_type`, `overdue_interest_rate_1`, `overdue_inertest_rate_2`, `overdue_inertest_rate_3`, `overdue_time_1`, `overdue_time_2`, `overdue_time_3`, `early_repayment_fee`) VALUES ('48', '7', 'agent7@naver.com', '', '신한은행', '신한행복전세대출', '3.1 ', '변동', '만기일시상환', '5%', '6%', '7%', '30일 미만', '90일 미만', '90일 이상', '1.5%');
INSERT INTO `hellomoney`.`estimate` (`estimate_id`, `request_id`, `agent_id`, `register_time`, `item_bank`, `item_name`, `interest_rate`, `interest_rate_type`, `repayment_type`, `overdue_interest_rate_1`, `overdue_inertest_rate_2`, `overdue_inertest_rate_3`, `overdue_time_1`, `overdue_time_2`, `overdue_time_3`, `early_repayment_fee`) VALUES ('49', '7', 'agent8@naver.com', '', '우리은행', '우리전세자금대출', '3.1 ', '변동', '만기일시상환', '5%', '6%', '7%', '30일 미만', '90일 미만', '90일 이상', '1.5%');
INSERT INTO `hellomoney`.`estimate` (`estimate_id`, `request_id`, `agent_id`, `register_time`, `item_bank`, `item_name`, `interest_rate`, `interest_rate_type`, `repayment_type`, `overdue_interest_rate_1`, `overdue_inertest_rate_2`, `overdue_inertest_rate_3`, `overdue_time_1`, `overdue_time_2`, `overdue_time_3`, `early_repayment_fee`) VALUES ('50', '8', 'agent5@naver.com', '', '농협', 'NH희망플러스대출', '3.5 ', '변동', '원리금균등상환', '5%', '6%', '7%', '30일 미만', '90일 미만', '90일 이상', '1.5%');
INSERT INTO `hellomoney`.`estimate` (`estimate_id`, `request_id`, `agent_id`, `register_time`, `item_bank`, `item_name`, `interest_rate`, `interest_rate_type`, `repayment_type`, `overdue_interest_rate_1`, `overdue_inertest_rate_2`, `overdue_inertest_rate_3`, `overdue_time_1`, `overdue_time_2`, `overdue_time_3`, `early_repayment_fee`) VALUES ('51', '8', 'agent6@naver.com', '', '하나은행', '하나으뜸모기지', '3.2 ', '변동', '원리금균등상환', '5%', '6%', '7%', '30일 미만', '90일 미만', '90일 이상', '1.5%');
INSERT INTO `hellomoney`.`estimate` (`estimate_id`, `request_id`, `agent_id`, `register_time`, `item_bank`, `item_name`, `interest_rate`, `interest_rate_type`, `repayment_type`, `overdue_interest_rate_1`, `overdue_inertest_rate_2`, `overdue_inertest_rate_3`, `overdue_time_1`, `overdue_time_2`, `overdue_time_3`, `early_repayment_fee`) VALUES ('52', '8', 'agent7@naver.com', '', '신한은행', '신한알뜰대출', '3.4 ', '변동', '원리금균등상환', '5%', '6%', '7%', '30일 미만', '90일 미만', '90일 이상', '1.5%');
INSERT INTO `hellomoney`.`estimate` (`estimate_id`, `request_id`, `agent_id`, `register_time`, `item_bank`, `item_name`, `interest_rate`, `interest_rate_type`, `repayment_type`, `overdue_interest_rate_1`, `overdue_inertest_rate_2`, `overdue_inertest_rate_3`, `overdue_time_1`, `overdue_time_2`, `overdue_time_3`, `early_repayment_fee`) VALUES ('53', '8', 'agent8@naver.com', '', '우리은행', '우리내집마련대출', '3.5 ', '변동', '원리금균등상환', '5%', '6%', '7%', '30일 미만', '90일 미만', '90일 이상', '1.5%');
INSERT INTO `hellomoney`.`estimate` (`estimate_id`, `request_id`, `agent_id`, `register_time`, `item_bank`, `item_name`, `interest_rate`, `interest_rate_type`, `repayment_type`, `overdue_interest_rate_1`, `overdue_inertest_rate_2`, `overdue_inertest_rate_3`, `overdue_time_1`, `overdue_time_2`, `overdue_time_3`, `early_repayment_fee`) VALUES ('54', '8', 'agent9@naver.com', '', '국민은행', 'KB온리원모기지', '3.3 ', '변동', '원리금균등상환', '5%', '6%', '7%', '30일 미만', '90일 미만', '90일 이상', '1.5%');
INSERT INTO `hellomoney`.`estimate` (`estimate_id`, `request_id`, `agent_id`, `register_time`, `item_bank`, `item_name`, `interest_rate`, `interest_rate_type`, `repayment_type`, `overdue_interest_rate_1`, `overdue_inertest_rate_2`, `overdue_inertest_rate_3`, `overdue_time_1`, `overdue_time_2`, `overdue_time_3`, `early_repayment_fee`) VALUES ('55', '8', 'agent10@naver.com', '', '농협', 'NH희망플러스대출', '3.5 ', '변동', '원리금균등상환', '5%', '6%', '7%', '30일 미만', '90일 미만', '90일 이상', '1.5%');
INSERT INTO `hellomoney`.`estimate` (`estimate_id`, `request_id`, `agent_id`, `register_time`, `item_bank`, `item_name`, `interest_rate`, `interest_rate_type`, `repayment_type`, `overdue_interest_rate_1`, `overdue_inertest_rate_2`, `overdue_inertest_rate_3`, `overdue_time_1`, `overdue_time_2`, `overdue_time_3`, `early_repayment_fee`) VALUES ('56', '8', 'agent1@naver.com', '', '하나은행', '하나으뜸모기지', '3.2 ', '변동', '원리금균등상환', '5%', '6%', '7%', '30일 미만', '90일 미만', '90일 이상', '1.5%');
INSERT INTO `hellomoney`.`estimate` (`estimate_id`, `request_id`, `agent_id`, `register_time`, `item_bank`, `item_name`, `interest_rate`, `interest_rate_type`, `repayment_type`, `overdue_interest_rate_1`, `overdue_inertest_rate_2`, `overdue_inertest_rate_3`, `overdue_time_1`, `overdue_time_2`, `overdue_time_3`, `early_repayment_fee`) VALUES ('57', '9', 'agent7@naver.com', '', '신한은행', '신한행복전세대출', '3.2 ', '고정', '만기일시상환', '5%', '6%', '7%', '30일 미만', '90일 미만', '90일 이상', '1.5%');
INSERT INTO `hellomoney`.`estimate` (`estimate_id`, `request_id`, `agent_id`, `register_time`, `item_bank`, `item_name`, `interest_rate`, `interest_rate_type`, `repayment_type`, `overdue_interest_rate_1`, `overdue_inertest_rate_2`, `overdue_inertest_rate_3`, `overdue_time_1`, `overdue_time_2`, `overdue_time_3`, `early_repayment_fee`) VALUES ('58', '9', 'agent8@naver.com', '', '우리은행', '우리전세자금대출', '3.2 ', '고정', '만기일시상환', '5%', '6%', '7%', '30일 미만', '90일 미만', '90일 이상', '1.5%');
INSERT INTO `hellomoney`.`estimate` (`estimate_id`, `request_id`, `agent_id`, `register_time`, `item_bank`, `item_name`, `interest_rate`, `interest_rate_type`, `repayment_type`, `overdue_interest_rate_1`, `overdue_inertest_rate_2`, `overdue_inertest_rate_3`, `overdue_time_1`, `overdue_time_2`, `overdue_time_3`, `early_repayment_fee`) VALUES ('59', '9', 'agent9@naver.com', '', '국민은행', 'KB플러스전세대출', '3.1 ', '고정', '만기일시상환', '5%', '6%', '7%', '30일 미만', '90일 미만', '90일 이상', '1.5%');
INSERT INTO `hellomoney`.`estimate` (`estimate_id`, `request_id`, `agent_id`, `register_time`, `item_bank`, `item_name`, `interest_rate`, `interest_rate_type`, `repayment_type`, `overdue_interest_rate_1`, `overdue_inertest_rate_2`, `overdue_inertest_rate_3`, `overdue_time_1`, `overdue_time_2`, `overdue_time_3`, `early_repayment_fee`) VALUES ('60', '9', 'agent10@naver.com', '', '농협', 'NH전세우대론', '3.1 ', '고정', '만기일시상환', '5%', '6%', '7%', '30일 미만', '90일 미만', '90일 이상', '1.5%');
INSERT INTO `hellomoney`.`estimate` (`estimate_id`, `request_id`, `agent_id`, `register_time`, `item_bank`, `item_name`, `interest_rate`, `interest_rate_type`, `repayment_type`, `overdue_interest_rate_1`, `overdue_inertest_rate_2`, `overdue_inertest_rate_3`, `overdue_time_1`, `overdue_time_2`, `overdue_time_3`, `early_repayment_fee`) VALUES ('61', '9', 'agent1@naver.com', '', '하나은행', '하나전세안심대출', '3.0 ', '고정', '만기일시상환', '5%', '6%', '7%', '30일 미만', '90일 미만', '90일 이상', '1.5%');
INSERT INTO `hellomoney`.`estimate` (`estimate_id`, `request_id`, `agent_id`, `register_time`, `item_bank`, `item_name`, `interest_rate`, `interest_rate_type`, `repayment_type`, `overdue_interest_rate_1`, `overdue_inertest_rate_2`, `overdue_inertest_rate_3`, `overdue_time_1`, `overdue_time_2`, `overdue_time_3`, `early_repayment_fee`) VALUES ('62', '9', 'agent2@naver.com', '', '신한은행', '신한행복전세대출', '3.2 ', '고정', '만기일시상환', '5%', '6%', '7%', '30일 미만', '90일 미만', '90일 이상', '1.5%');
INSERT INTO `hellomoney`.`estimate` (`estimate_id`, `request_id`, `agent_id`, `register_time`, `item_bank`, `item_name`, `interest_rate`, `interest_rate_type`, `repayment_type`, `overdue_interest_rate_1`, `overdue_inertest_rate_2`, `overdue_inertest_rate_3`, `overdue_time_1`, `overdue_time_2`, `overdue_time_3`, `early_repayment_fee`) VALUES ('63', '10', 'agent9@naver.com', '', '국민은행', 'KB온리원모기지', '3.4 ', '고정', '원리금균등상환', '5%', '6%', '7%', '30일 미만', '90일 미만', '90일 이상', '1.5%');
INSERT INTO `hellomoney`.`estimate` (`estimate_id`, `request_id`, `agent_id`, `register_time`, `item_bank`, `item_name`, `interest_rate`, `interest_rate_type`, `repayment_type`, `overdue_interest_rate_1`, `overdue_inertest_rate_2`, `overdue_inertest_rate_3`, `overdue_time_1`, `overdue_time_2`, `overdue_time_3`, `early_repayment_fee`) VALUES ('64', '10', 'agent10@naver.com', '', '농협', 'NH희망플러스대출', '3.6 ', '고정', '원리금균등상환', '5%', '6%', '7%', '30일 미만', '90일 미만', '90일 이상', '1.5%');
INSERT INTO `hellomoney`.`estimate` (`estimate_id`, `request_id`, `agent_id`, `register_time`, `item_bank`, `item_name`, `interest_rate`, `interest_rate_type`, `repayment_type`, `overdue_interest_rate_1`, `overdue_inertest_rate_2`, `overdue_inertest_rate_3`, `overdue_time_1`, `overdue_time_2`, `overdue_time_3`, `early_repayment_fee`) VALUES ('65', '10', 'agent1@naver.com', '', '하나은행', '하나으뜸모기지', '3.3 ', '고정', '원리금균등상환', '5%', '6%', '7%', '30일 미만', '90일 미만', '90일 이상', '1.5%');
INSERT INTO `hellomoney`.`estimate` (`estimate_id`, `request_id`, `agent_id`, `register_time`, `item_bank`, `item_name`, `interest_rate`, `interest_rate_type`, `repayment_type`, `overdue_interest_rate_1`, `overdue_inertest_rate_2`, `overdue_inertest_rate_3`, `overdue_time_1`, `overdue_time_2`, `overdue_time_3`, `early_repayment_fee`) VALUES ('66', '10', 'agent2@naver.com', '', '신한은행', '신한알뜰대출', '3.5 ', '고정', '원리금균등상환', '5%', '6%', '7%', '30일 미만', '90일 미만', '90일 이상', '1.5%');
INSERT INTO `hellomoney`.`estimate` (`estimate_id`, `request_id`, `agent_id`, `register_time`, `item_bank`, `item_name`, `interest_rate`, `interest_rate_type`, `repayment_type`, `overdue_interest_rate_1`, `overdue_inertest_rate_2`, `overdue_inertest_rate_3`, `overdue_time_1`, `overdue_time_2`, `overdue_time_3`, `early_repayment_fee`) VALUES ('67', '10', 'agent3@naver.com', '', '우리은행', '우리내집마련대출', '3.6 ', '고정', '원리금균등상환', '5%', '6%', '7%', '30일 미만', '90일 미만', '90일 이상', '1.5%');
INSERT INTO `hellomoney`.`estimate` (`estimate_id`, `request_id`, `agent_id`, `register_time`, `item_bank`, `item_name`, `interest_rate`, `interest_rate_type`, `repayment_type`, `overdue_interest_rate_1`, `overdue_inertest_rate_2`, `overdue_inertest_rate_3`, `overdue_time_1`, `overdue_time_2`, `overdue_time_3`, `early_repayment_fee`) VALUES ('68', '10', 'agent4@naver.com', '', '국민은행', 'KB온리원모기지', '3.4 ', '고정', '원리금균등상환', '5%', '6%', '7%', '30일 미만', '90일 미만', '90일 이상', '1.5%');
INSERT INTO `hellomoney`.`estimate` (`estimate_id`, `request_id`, `agent_id`, `register_time`, `item_bank`, `item_name`, `interest_rate`, `interest_rate_type`, `repayment_type`, `overdue_interest_rate_1`, `overdue_inertest_rate_2`, `overdue_inertest_rate_3`, `overdue_time_1`, `overdue_time_2`, `overdue_time_3`, `early_repayment_fee`) VALUES ('69', '10', 'agent5@naver.com', '', '농협', 'NH희망플러스대출', '3.6 ', '고정', '원리금균등상환', '5%', '6%', '7%', '30일 미만', '90일 미만', '90일 이상', '1.5%');
INSERT INTO `hellomoney`.`estimate` (`estimate_id`, `request_id`, `agent_id`, `register_time`, `item_bank`, `item_name`, `interest_rate`, `interest_rate_type`, `repayment_type`, `overdue_interest_rate_1`, `overdue_inertest_rate_2`, `overdue_inertest_rate_3`, `overdue_time_1`, `overdue_time_2`, `overdue_time_3`, `early_repayment_fee`) VALUES ('70', '10', 'agent6@naver.com', '', '하나은행', '하나으뜸모기지', '3.3 ', '고정', '원리금균등상환', '5%', '6%', '7%', '30일 미만', '90일 미만', '90일 이상', '1.5%');

/* 견적서 선택 */
UPDATE `hellomoney`.`request` SET `selected_estimate_id`='1' WHERE `request_id`='1' AND `status` = '상담중';
UPDATE `hellomoney`.`request` SET `selected_estimate_id`='11' WHERE `request_id`='2' AND `status` = '상담중';
UPDATE `hellomoney`.`request` SET `selected_estimate_id`='23' WHERE `request_id`='3' AND `status` = '상담중';
UPDATE `hellomoney`.`request` SET `selected_estimate_id`='28' WHERE `request_id`='4' AND `status` = '상담중';
UPDATE `hellomoney`.`request` SET `selected_estimate_id`='32' WHERE `request_id`='5' AND `status` = '상담중';
UPDATE `hellomoney`.`request` SET `selected_estimate_id`='37' WHERE `request_id`='6' AND `status` = '상담중';
UPDATE `hellomoney`.`request` SET `selected_estimate_id`='47' WHERE `request_id`='7' AND `status` = '상담중';
UPDATE `hellomoney`.`request` SET `selected_estimate_id`='51' WHERE `request_id`='8' AND `status` = '상담중';
UPDATE `hellomoney`.`request` SET `selected_estimate_id`='61' WHERE `request_id`='9' AND `status` = '상담중';
UPDATE `hellomoney`.`request` SET `selected_estimate_id`='70' WHERE `request_id`='10' AND `status` = '상담중';

/* 리뷰 더미 */
INSERT INTO `hellomoney`.`review` (`review_id`, `request_id`, `content`, `score`, `register_time`) VALUES ('1', '1', '비오는 날인데도 잘찾아 와주시고 너무나 친절히 설명도 잘해주셔서 정말 만족합니다 다음 대출할때도 꼭 다시 이용할꺼 같아요~', '10', '');
INSERT INTO `hellomoney`.`review` (`review_id`, `request_id`, `content`, `score`, `register_time`) VALUES ('2', '2', '금리도, 서비스도 모두만족스러웠어요. 아주아주 만족ㅎㅎ 기분좋게 진행해주셔서 감사해요. 꾸벅~~^^', '8', '');
INSERT INTO `hellomoney`.`review` (`review_id`, `request_id`, `content`, `score`, `register_time`) VALUES ('3', '3', '견적 그대로 깔끔하게 진행했네요. 걱정도 많이 했는데 인상도 좋으시고 친절하게 진행해 주셔서 기분좋게 마무리했습니다~', '10', '');
INSERT INTO `hellomoney`.`review` (`review_id`, `request_id`, `content`, `score`, `register_time`) VALUES ('4', '4', '대출받게되서 여러가지 걱정이 많았는데 약속시간도 정확하게 지키셔서 진행하면서 기분이 무척 좋았습니다. 주위에 추천드리고 싶은 상담사님이세요. 감사합니다.', '8', '');
INSERT INTO `hellomoney`.`review` (`review_id`, `request_id`, `content`, `score`, `register_time`) VALUES ('5', '5', '먼저 친절한 응대에 감사 드립니다. 좋은 금리 내어 주시고 멀리서 오셨음에도 밝은 얼굴 참 보기 좋았습니다. 감사합니다.', '8', '');
INSERT INTO `hellomoney`.`review` (`review_id`, `request_id`, `content`, `score`, `register_time`) VALUES ('6', '6', '친절하고 꼼꼼하게 설명해주시고 좋은 금리 ... 확실한 일처리 감사합니다 항상 행복하세요~^^', '10', '');
INSERT INTO `hellomoney`.`review` (`review_id`, `request_id`, `content`, `score`, `register_time`) VALUES ('7', '7', '인사말과 마찬가지로 확실한 일처리와 낮은 금리, 친절한 미소 감사합니다^^이런 좋은 어플이 생겨서 좋은 분에게 기분좋게 대출하게 되어 좋네요!!', '10', '');
INSERT INTO `hellomoney`.`review` (`review_id`, `request_id`, `content`, `score`, `register_time`) VALUES ('8', '8', '처음만났음에도 친절하게 맞아주시고 대출에 대해서도 쉽게 설명해주셨습니다 또한 등기까지 확실히 해주신것 감사합니다 앞으로도 일이 있을때 연락드리겠습니다', '10', '');
INSERT INTO `hellomoney`.`review` (`review_id`, `request_id`, `content`, `score`, `register_time`) VALUES ('9', '9', '먼길 오시느라 고생많으셨습니다. 대출 받는게 두번짼데 지난번에는 좀 찜찜함이 있었거든요. 이번에는 기분좋게 진행했네요. 믿음직스럽게 처리해주셔서 감사하고요. 친절한 설명 감사합니다.', '10', '');
INSERT INTO `hellomoney`.`review` (`review_id`, `request_id`, `content`, `score`, `register_time`) VALUES ('10', '10', '빠른 일처리와 정확한 금리 견적. 진행하는 내내 기분좋았습니다. 친절하신 상담사님을 만나 기분좋은 하루가 될꺼같아요. 다음에도 다시 연락하고 싶네요 ^^', '8', '');

/* FAQ 더미 */
INSERT INTO `hellomoney`.`faq` (`faq_id`, `question`, `answer`) VALUES ('1', '질문1', '답1');
INSERT INTO `hellomoney`.`faq` (`faq_id`, `question`, `answer`) VALUES ('2', '질문2', '답2');
INSERT INTO `hellomoney`.`faq` (`faq_id`, `question`, `answer`) VALUES ('3', '질문3', '답3');
INSERT INTO `hellomoney`.`faq` (`faq_id`, `question`, `answer`) VALUES ('4', '질문4', '답4');
INSERT INTO `hellomoney`.`faq` (`faq_id`, `question`, `answer`) VALUES ('5', '질문5', '답5');
INSERT INTO `hellomoney`.`faq` (`faq_id`, `question`, `answer`) VALUES ('6', '질문6', '답6');
INSERT INTO `hellomoney`.`faq` (`faq_id`, `question`, `answer`) VALUES ('7', '질문7', '답7');
INSERT INTO `hellomoney`.`faq` (`faq_id`, `question`, `answer`) VALUES ('8', '질문8', '답8');

